<?xml version="1.0" encoding="UTF-8"?>
<!DOCTYPE mapper
  PUBLIC "-//mybatis.org//DTD Mapper 3.0//EN"
  "http://mybatis.org/dtd/mybatis-3-mapper.dtd">
<mapper namespace="com.ssafy.vue.mapper.MemberDAO">
	<select resultType="MemberVO" parameterType="memberVO" id="login">select id, pw, email, name from member where id=#{id} and pw=#{pw} </select>
	<select resultType="String" parameterType="String" id="idCheck">select name from member where id=#{id} </select>
	<insert parameterType="memberVO" id="memberInsert">insert into member(id, pw, email, name) values(#{id}, #{pw}, #{email}, #{name}) </insert>
	<update parameterType="memberVO" id="memberUpdate">update member set email=#{email}, name=#{name} where id=#{id} </update>
	<delete parameterType="String" id="memberDelete">delete from member where id=#{id} </delete>
</mapper>